,Median Price of Established House Transfers (Unstratified) ;  Sydney ;,Median Price of Established House Transfers (Unstratified) ;  Rest of NSW ;,Median Price of Established House Transfers (Unstratified) ;  Melbourne ;,Median Price of Established House Transfers (Unstratified) ;  Rest of Vic. ;,Median Price of Established House Transfers (Unstratified) ;  Brisbane ;,Median Price of Established House Transfers (Unstratified) ;  Rest of Qld. ;,Median Price of Established House Transfers (Unstratified) ;  Adelaide ;,Median Price of Established House Transfers (Unstratified) ;  Rest of SA ;,Median Price of Established House Transfers (Unstratified) ;  Perth ;,Median Price of Established House Transfers (Unstratified) ;  Rest of WA ;,Median Price of Established House Transfers (Unstratified) ;  Hobart ;,Median Price of Established House Transfers (Unstratified) ;  Rest of Tas. ;,Median Price of Established House Transfers (Unstratified) ;  Darwin ;,Median Price of Established House Transfers (Unstratified) ;  Rest of NT ;,Median Price of Established House Transfers (Unstratified) ;  Canberra ;,Median Price of Attached Dwelling Transfers (Unstratified) ;  Sydney ;,Median Price of Attached Dwelling Transfers (Unstratified) ;  Rest of NSW ;,Median Price of Attached Dwelling Transfers (Unstratified) ;  Melbourne ;,Median Price of Attached Dwelling Transfers (Unstratified) ;  Rest of Vic. ;,Median Price of Attached Dwelling Transfers (Unstratified) ;  Brisbane ;,Median Price of Attached Dwelling Transfers (Unstratified) ;  Rest of Qld. ;,Median Price of Attached Dwelling Transfers (Unstratified) ;  Adelaide ;,Median Price of Attached Dwelling Transfers (Unstratified) ;  Rest of SA ;,Median Price of Attached Dwelling Transfers (Unstratified) ;  Perth ;,Median Price of Attached Dwelling Transfers (Unstratified) ;  Rest of WA ;,Median Price of Attached Dwelling Transfers (Unstratified) ;  Hobart ;,Median Price of Attached Dwelling Transfers (Unstratified) ;  Rest of Tas. ;,Median Price of Attached Dwelling Transfers (Unstratified) ;  Darwin ;,Median Price of Attached Dwelling Transfers (Unstratified) ;  Rest of NT ;,Median Price of Attached Dwelling Transfers (Unstratified) ;  Canberra ;,Number of Established House Transfers ;  Sydney ;,Number of Established House Transfers ;  Rest of NSW ;,Number of Established House Transfers ;  Melbourne ;,Number of Established House Transfers ;  Rest of Vic. ;,Number of Established House Transfers ;  Brisbane ;,Number of Established House Transfers ;  Rest of Qld. ;,Number of Established House Transfers ;  Adelaide ;,Number of Established House Transfers ;  Rest of SA ;,Number of Established House Transfers ;  Perth ;,Number of Established House Transfers ;  Rest of WA ;,Number of Established House Transfers ;  Hobart ;,Number of Established House Transfers ;  Rest of Tas. ;,Number of Established House Transfers ;  Darwin ;,Number of Established House Transfers ;  Rest of NT ;,Number of Established House Transfers ;  Canberra ;,Number of Attached Dwelling Transfers ;  Sydney ;,Number of Attached Dwelling Transfers ;  Rest of NSW ;,Number of Attached Dwelling Transfers ;  Melbourne ;,Number of Attached Dwelling Transfers ;  Rest of Vic. ;,Number of Attached Dwelling Transfers ;  Brisbane ;,Number of Attached Dwelling Transfers ;  Rest of Qld. ;,Number of Attached Dwelling Transfers ;  Adelaide ;,Number of Attached Dwelling Transfers ;  Rest of SA ;,Number of Attached Dwelling Transfers ;  Perth ;,Number of Attached Dwelling Transfers ;  Rest of WA ;,Number of Attached Dwelling Transfers ;  Hobart ;,Number of Attached Dwelling Transfers ;  Rest of Tas. ;,Number of Attached Dwelling Transfers ;  Darwin ;,Number of Attached Dwelling Transfers ;  Rest of NT ;,Number of Attached Dwelling Transfers ;  Canberra ;
Unit,$'000,$'000,$'000,$'000,$'000,$'000,$'000,$'000,$'000,$'000,$'000,$'000,$'000,$'000,$'000,$'000,$'000,$'000,$'000,$'000,$'000,$'000,$'000,$'000,$'000,$'000,$'000,$'000,$'000,$'000,Number,Number,Number,Number,Number,Number,Number,Number,Number,Number,Number,Number,Number,Number,Number,Number,Number,Number,Number,Number,Number,Number,Number,Number,Number,Number,Number,Number,Number,Number
Series Type,Original,Original,Original,Original,Original,Original,Original,Original,Original,Original,Original,Original,Original,Original,Original,Original,Original,Original,Original,Original,Original,Original,Original,Original,Original,Original,Original,Original,Original,Original,Original,Original,Original,Original,Original,Original,Original,Original,Original,Original,Original,Original,Original,Original,Original,Original,Original,Original,Original,Original,Original,Original,Original,Original,Original,Original,Original,Original,Original,Original
Data Type,FLOW,FLOW,FLOW,FLOW,FLOW,FLOW,FLOW,FLOW,FLOW,FLOW,FLOW,FLOW,FLOW,FLOW,FLOW,FLOW,FLOW,FLOW,FLOW,FLOW,FLOW,FLOW,FLOW,FLOW,FLOW,FLOW,FLOW,FLOW,FLOW,FLOW,FLOW,FLOW,FLOW,FLOW,FLOW,FLOW,FLOW,FLOW,FLOW,FLOW,FLOW,FLOW,FLOW,FLOW,FLOW,FLOW,FLOW,FLOW,FLOW,FLOW,FLOW,FLOW,FLOW,FLOW,FLOW,FLOW,FLOW,FLOW,FLOW,FLOW
Frequency,Quarter,Quarter,Quarter,Quarter,Quarter,Quarter,Quarter,Quarter,Quarter,Quarter,Quarter,Quarter,Quarter,Quarter,Quarter,Quarter,Quarter,Quarter,Quarter,Quarter,Quarter,Quarter,Quarter,Quarter,Quarter,Quarter,Quarter,Quarter,Quarter,Quarter,Quarter,Quarter,Quarter,Quarter,Quarter,Quarter,Quarter,Quarter,Quarter,Quarter,Quarter,Quarter,Quarter,Quarter,Quarter,Quarter,Quarter,Quarter,Quarter,Quarter,Quarter,Quarter,Quarter,Quarter,Quarter,Quarter,Quarter,Quarter,Quarter,Quarter
Collection Month,3,3,3,3,3,3,3,3,3,3,3,3,3,3,3,3,3,3,3,3,3,3,3,3,3,3,3,3,3,3,3,3,3,3,3,3,3,3,3,3,3,3,3,3,3,3,3,3,3,3,3,3,3,3,3,3,3,3,3,3
Series Start,Mar-2002,Sep-2003,Mar-2002,Sep-2003,Mar-2002,Sep-2003,Mar-2002,Sep-2003,Mar-2002,Sep-2003,Mar-2002,Sep-2003,Mar-2002,Sep-2003,Mar-2002,Sep-2003,Sep-2003,Sep-2003,Sep-2003,Sep-2003,Sep-2003,Sep-2003,Sep-2003,Sep-2003,Sep-2003,Sep-2003,Sep-2003,Sep-2003,Sep-2003,Sep-2003,Mar-2002,Sep-2003,Mar-2002,Sep-2003,Mar-2002,Sep-2003,Mar-2002,Sep-2003,Mar-2002,Sep-2003,Mar-2002,Sep-2003,Mar-2002,Sep-2003,Mar-2002,Sep-2003,Sep-2003,Sep-2003,Sep-2003,Sep-2003,Sep-2003,Sep-2003,Sep-2003,Sep-2003,Sep-2003,Sep-2003,Sep-2003,Sep-2003,Sep-2003,Sep-2003
Series End,Jun-2025,Jun-2025,Jun-2025,Jun-2025,Jun-2025,Jun-2025,Jun-2025,Jun-2025,Jun-2025,Jun-2025,Jun-2025,Jun-2025,Jun-2025,Jun-2025,Jun-2025,Jun-2025,Jun-2025,Jun-2025,Jun-2025,Jun-2025,Jun-2025,Jun-2025,Jun-2025,Jun-2025,Jun-2025,Jun-2025,Jun-2025,Jun-2025,Jun-2025,Jun-2025,Jun-2025,Jun-2025,Jun-2025,Jun-2025,Jun-2025,Jun-2025,Jun-2025,Jun-2025,Jun-2025,Jun-2025,Jun-2025,Jun-2025,Jun-2025,Jun-2025,Jun-2025,Jun-2025,Jun-2025,Jun-2025,Jun-2025,Jun-2025,Jun-2025,Jun-2025,Jun-2025,Jun-2025,Jun-2025,Jun-2025,Jun-2025,Jun-2025,Jun-2025,Jun-2025
No. Obs,94,88,94,88,94,88,94,88,94,88,94,88,94,88,94,88,88,88,88,88,88,88,88,88,88,88,88,88,88,88,94,88,94,88,94,88,94,88,94,88,94,88,94,88,94,88,88,88,88,88,88,88,88,88,88,88,88,88,88,88
Series ID,A83728545T,A83728577K,A83728549A,A83728581A,A83728553T,A83728585K,A83728557A,A83728589V,A83728561T,A83728593K,A83728565A,A83728597V,A83728569K,A83728601X,A83728573A,A83728546V,A83728578L,A83728550K,A83728582C,A83728554V,A83728586L,A83728558C,A83728590C,A83728562V,A83728594L,A83728566C,A83728598W,A83728570V,A83728602A,A83728574C,A83728543L,A83728575F,A83728547W,A83728579R,A83728551L,A83728583F,A83728555W,A83728587R,A83728559F,A83728591F,A83728563W,A83728595R,A83728567F,A83728599X,A83728571W,A83728544R,A83728576J,A83728548X,A83728580X,A83728552R,A83728584J,A83728556X,A83728588T,A83728560R,A83728592J,A83728564X,A83728596T,A83728568J,A83728600W,A83728572X
Mar-2002,365.0,,241.0,,185.0,,166.0,,190.0,,123.3,,190.0,,245.0,,,,,,,,,,,,,,,,13078,,16024,,11042,,5534,,8929,,1482,,432,,1553,,,,,,,,,,,,,,,
Jun-2002,393.5,,260.0,,182.6,,175.0,,190.0,,117.0,,188.3,,258.0,,,,,,,,,,,,,,,,15569,,17304,,11948,,5574,,8286,,1475,,472,,1773,,,,,,,,,,,,,,,
Sep-2002,413.0,,265.0,,198.0,,181.0,,195.0,,124.0,,190.0,,275.0,,,,,,,,,,,,,,,,16761,,15888,,11772,,4983,,7340,,1491,,512,,1411,,,,,,,,,,,,,,,
Dec-2002,444.0,,280.0,,208.0,,195.0,,206.0,,128.0,,195.0,,291.0,,,,,,,,,,,,,,,,15447,,16320,,11552,,5139,,7673,,1474,,469,,1504,,,,,,,,,,,,,,,
Mar-2003,434.5,,270.0,,225.0,,209.4,,216.0,,145.0,,198.0,,300.0,,,,,,,,,,,,,,,,13734,,14699,,13572,,5229,,9446,,1607,,497,,1386,,,,,,,,,,,,,,,
Jun-2003,460.0,,287.5,,240.0,,220.5,,225.0,,149.0,,200.5,,334.5,,,,,,,,,,,,,,,,16415,,16655,,13095,,5317,,9902,,1561,,562,,1617,,,,,,,,,,,,,,,
Sep-2003,480.0,247.3,295.0,176.0,269.0,197.0,235.0,150.0,236.0,160.0,165.0,125.0,214.0,195.0,360.0,371.0,240.0,276.0,160.0,221.0,230.0,182.5,82.0,195.0,135.5,165.0,130.0,130.0,136.0,290.0,17027,15816,17317,9910,14494,17000,4831,2254,8247,3277,1594,2968,642,191,1437,13969,3383,8010,1163,5754,9466,1935,301,2927,497,477,319,367,86,1023
Dec-2003,520.0,255.0,320.0,185.0,296.4,205.0,247.5,162.0,250.0,164.0,182.3,139.3,226.0,204.5,375.0,387.0,250.0,285.0,170.0,241.6,240.0,191.0,85.0,198.0,138.0,175.0,120.0,135.5,129.0,300.0,11847,13175,14573,8962,9212,15007,4597,2101,6893,2985,1258,2050,630,194,1232,9830,2730,6753,1101,3663,6382,1684,297,2517,461,329,293,372,95,921
Mar-2004,523.0,265.0,305.0,190.0,302.7,224.0,250.0,166.6,255.0,178.0,200.0,156.0,239.5,217.8,375.0,380.0,269.0,272.5,173.0,249.0,257.0,193.5,82.9,208.0,139.0,192.0,145.0,147.1,150.0,295.0,10210,11193,12802,8553,9169,14930,4648,2198,7688,3296,1262,2047,542,182,1031,7610,2369,5546,1125,3160,5802,1770,294,2811,455,407,278,272,77,789
Jun-2004,498.0,270.0,307.5,195.0,305.0,235.0,257.5,169.0,262.0,178.0,225.0,156.0,248.8,215.0,375.0,380.0,265.0,280.0,172.0,249.0,264.0,200.0,81.5,215.0,148.5,192.8,149.0,152.0,130.0,300.0,11922,11226,13623,8079,8421,13054,4499,2074,6773,2869,1094,1654,536,207,1145,10106,2331,6178,1027,2924,4890,1694,297,2262,406,336,235,341,69,655
Sep-2004,500.0,275.0,302.0,195.0,305.0,244.0,261.0,175.0,259.0,185.0,230.0,160.0,245.0,227.5,352.5,380.0,260.0,276.0,175.0,264.0,269.0,220.0,90.8,215.0,156.0,195.0,155.0,156.5,170.3,280.0,10240,9570,13974,8461,8546,13264,4462,2016,8522,3517,976,1601,586,214,843,8179,1758,6658,1156,3188,5176,1990,272,3193,454,287,215,387,86,727
Dec-2004,515.0,278.0,321.0,205.0,310.0,255.0,270.0,182.0,280.0,199.8,237.3,166.5,259.0,227.0,372.0,390.0,265.0,281.0,180.0,267.0,278.0,220.0,112.0,229.0,165.0,200.0,158.0,171.0,175.0,289.0,10843,10303,14959,8369,8295,13349,4588,2066,7680,3352,1000,1518,573,233,1168,8506,2006,7071,1123,3031,5136,1693,241,2887,433,267,159,337,93,770
Mar-2005,486.0,280.0,310.0,210.0,312.0,270.0,270.0,187.0,290.0,225.0,240.0,179.0,275.0,231.0,374.7,385.0,270.0,285.0,190.0,257.0,282.5,212.0,125.0,235.0,183.0,220.0,166.0,175.0,170.5,304.5,8967,9110,13292,8020,8731,13591,4412,2045,8619,3851,875,1514,596,199,1002,6743,1862,6617,1188,2761,5073,1785,216,3289,457,239,217,374,102,705
Jun-2005,500.0,280.0,320.0,205.0,312.0,280.0,271.0,192.0,300.0,230.0,250.0,178.3,280.0,230.0,373.5,387.0,262.0,287.0,190.0,265.0,282.0,216.5,124.8,247.5,175.0,233.5,170.0,207.0,180.0,307.8,10272,9338,15115,8235,8287,12026,4424,1907,8604,3416,852,1256,567,194,1071,8076,1745,7434,1078,2789,4502,1665,238,3194,429,242,163,322,82,832
Sep-2005,490.0,280.0,320.0,210.0,314.9,285.0,275.0,189.3,315.0,245.0,245.0,180.0,295.0,232.0,365.0,380.0,268.0,286.0,191.3,271.7,282.0,225.3,131.0,255.0,190.0,200.0,175.0,195.0,188.5,305.0,10834,9838,14188,7820,8955,12954,4516,1950,8947,3655,980,1536,586,232,1037,8566,2055,7295,1043,2842,4991,1704,251,3396,495,297,174,361,84,778
Dec-2005,500.0,285.0,332.0,220.0,320.0,290.0,280.0,199.0,340.0,265.0,252.5,192.0,320.0,246.0,387.0,383.0,270.0,290.0,195.0,280.0,290.0,228.8,145.0,276.0,220.0,215.0,165.0,225.0,197.8,308.0,9786,10586,15709,8773,8485,12749,4512,2032,9147,3715,1020,1500,566,253,1205,7810,2081,7369,1126,2706,4559,1840,281,3304,492,301,207,399,82,845
Mar-2006,470.0,290.0,330.0,224.0,325.0,309.0,280.0,210.0,370.0,295.0,260.0,192.0,341.5,215.0,385.0,375.0,280.0,299.5,200.0,280.0,292.6,225.0,151.3,292.0,235.0,225.0,170.0,235.0,170.0,310.0,10484,10290,12882,7811,10005,14329,4842,2199,10203,4111,1243,1848,554,271,1141,7690,2185,6237,1164,3157,5372,1778,300,3499,455,365,203,354,103,793
Jun-2006,495.0,290.0,345.0,220.0,330.0,312.5,286.0,210.0,415.0,324.0,270.0,200.0,349.5,240.0,399.5,390.0,277.5,306.6,197.8,295.0,295.0,235.0,145.0,332.5,230.0,229.0,178.5,245.0,198.0,325.0,11867,10371,14022,7700,9189,13152,4928,2111,8864,3574,1124,1569,514,229,1294,9547,2233,7092,1072,3246,4764,1988,236,2903,478,317,226,324,77,1006
Sep-2006,482.0,285.0,346.0,222.0,335.0,318.4,290.0,200.0,450.0,335.0,270.0,195.0,360.0,247.5,413.0,380.0,275.0,315.0,191.0,292.0,300.0,240.0,131.0,350.0,260.0,230.0,180.8,246.5,213.5,312.0,11078,10226,14401,7954,9954,14102,4774,2103,7184,3070,956,1619,535,200,1136,8849,2229,7461,1136,3397,5049,2011,238,2810,442,337,240,340,91,915
Dec-2006,500.0,290.0,360.0,230.0,343.5,330.0,300.0,215.0,470.0,350.0,278.0,199.0,380.0,260.0,420.8,393.1,277.0,315.0,192.0,298.0,310.0,246.0,150.0,362.5,297.0,231.0,185.5,260.0,198.0,317.5,11450,10374,15088,7533,9627,13529,4955,2235,5860,2513,971,1556,495,204,1318,8884,2166,7587,1107,3314,5026,1886,259,2226,362,318,236,306,71,945
Mar-2007,480.0,300.0,345.0,230.0,352.0,347.0,305.0,223.0,475.0,370.0,280.0,210.0,389.5,250.0,430.0,380.0,270.0,320.0,200.0,305.0,320.0,245.0,150.0,370.0,285.0,240.0,184.0,280.0,232.8,325.0,11641,10605,15291,8528,12341,15869,5396,2363,6548,2693,1210,1775,496,183,1308,9065,2339,8296,1267,4020,6339,2135,303,2428,362,406,285,406,86,1076
Jun-2007,512.3,300.0,362.0,230.0,375.0,365.0,315.0,223.3,465.0,374.0,291.5,220.0,395.0,278.8,445.0,395.0,280.0,340.0,201.0,325.0,327.0,265.0,156.0,370.0,299.0,240.0,191.0,302.5,213.0,355.0,13978,11810,17528,8752,11698,14731,5762,2464,6139,2753,1195,1665,450,172,1260,11923,2541,10408,1188,4227,6132,2196,348,2206,339,394,253,450,85,1136
Sep-2007,514.0,300.0,370.0,233.5,390.0,376.0,335.0,228.0,475.0,376.4,285.0,220.0,400.0,270.0,460.0,400.0,275.0,345.0,205.0,340.0,330.0,285.0,166.6,376.0,307.3,250.0,190.0,310.0,219.0,365.0,13014,11531,17375,8675,11840,15139,5457,2394,6151,2813,1062,1738,464,211,1259,11817,2552,11507,1369,4321,6512,2136,324,2041,426,414,301,452,95,959
Dec-2007,540.0,310.0,410.0,245.0,415.0,380.0,358.0,245.0,480.0,379.5,310.0,230.0,418.5,289.0,468.0,410.0,292.0,365.0,210.0,357.0,348.0,290.0,169.5,385.0,319.5,260.0,196.3,307.5,210.0,365.0,12960,11322,18143,8973,10406,13608,5334,2373,6314,2500,1096,1669,411,187,1380,11523,2470,11227,1372,3686,5485,2029,330,2106,320,311,252,375,73,1022
Mar-2008,495.0,308.0,385.0,243.5,425.0,380.0,360.0,250.0,470.0,390.0,308.5,239.5,420.0,285.0,470.0,397.5,288.3,360.0,229.0,360.0,355.0,295.0,175.0,380.0,320.0,245.0,200.0,306.3,225.0,370.0,9631,9338,13154,7639,8405,10820,4567,2156,5487,2139,939,1488,357,174,960,8753,2166,7886,1159,2691,4622,1834,307,1901,308,325,223,348,87,776
Jun-2008,517.0,305.0,400.0,239.0,425.0,380.0,365.0,240.0,455.0,360.0,305.0,230.0,422.3,285.0,474.0,395.0,272.3,360.0,210.0,367.0,355.0,290.0,173.8,372.3,313.0,257.0,205.0,310.0,222.5,352.0,10618,8501,14039,7134,6616,7770,4437,1703,4356,1738,811,1369,388,175,1021,9971,1842,8465,1082,2198,3266,1662,202,1478,240,267,172,296,80,965
Sep-2008,482.0,297.5,385.0,235.0,410.0,365.0,360.0,245.0,440.0,365.0,292.5,235.0,430.0,285.0,447.0,385.0,280.0,365.0,198.0,350.0,340.0,315.1,190.0,360.0,300.0,240.0,200.0,348.0,220.0,365.0,10653,8156,13119,6418,7103,9421,4166,1542,5020,1929,782,1220,439,162,1000,9828,1761,7748,1003,2450,3392,1788,181,1643,259,251,185,367,72,758
Dec-2008,468.0,290.0,385.0,236.0,399.0,365.0,355.0,245.0,425.0,351.0,300.0,225.0,445.0,296.8,450.0,373.0,280.0,350.0,195.0,350.0,316.0,300.8,202.0,350.0,300.0,245.0,200.0,329.0,240.0,360.5,11240,8893,13092,6793,6938,9240,4225,1670,4254,1707,860,1353,459,169,988,10127,1907,7470,1029,2463,3233,1720,228,1406,217,320,215,328,71,715
Mar-2009,448.0,300.0,375.0,238.0,400.0,370.0,353.5,248.0,439.0,360.0,296.5,235.0,455.0,321.0,459.5,380.0,270.5,348.0,210.0,349.8,324.0,300.0,175.0,350.0,315.0,255.0,213.0,370.0,249.0,372.5,12259,10211,13091,7329,9329,11278,4585,2048,5916,2164,1100,1634,425,198,1122,11641,2324,7684,1270,3162,4165,1865,223,1989,288,436,312,421,87,849
Jun-2009,490.0,300.0,400.0,245.0,420.0,372.8,363.0,245.0,455.0,370.0,310.0,240.0,465.0,335.0,455.0,398.0,280.0,379.5,217.8,365.0,330.0,310.0,174.5,380.0,325.0,260.0,220.0,360.0,300.0,375.0,14318,9672,15315,8359,8806,9924,4877,1885,7148,2136,1001,1609,469,174,1319,13995,2296,9685,1402,3246,3966,1898,262,2376,278,348,272,441,91,1165
Sep-2009,500.0,310.0,422.0,250.0,430.0,380.0,370.0,260.0,473.0,375.0,310.1,245.0,490.0,345.0,456.0,423.0,289.0,392.0,221.0,370.0,345.0,310.0,170.0,390.0,331.0,270.0,220.0,377.0,307.5,378.0,14816,12211,16313,8296,9068,10999,4473,1922,7701,2348,1033,1528,436,199,1381,16289,2959,11517,1499,3820,4622,1818,253,2842,390,418,288,463,90,1347
Dec-2009,595.0,340.0,477.5,266.5,455.0,395.0,398.8,267.0,505.0,400.0,350.0,252.3,520.0,368.0,509.0,450.0,310.0,421.0,232.0,381.0,356.1,326.8,196.0,415.0,339.0,285.0,220.0,400.0,332.5,402.5,12786,10119,16586,7422,7844,9791,4234,1718,6635,2017,921,1286,363,157,1297,11800,2643,9724,1298,3206,3772,1770,229,2383,375,335,230,316,60,1043
Mar-2010,583.0,340.0,468.0,275.0,460.0,400.0,402.0,280.0,518.0,410.0,350.5,262.0,529.0,364.0,530.0,450.0,306.0,424.0,235.0,385.0,360.0,333.0,199.5,420.0,347.5,278.5,226.5,430.2,335.0,410.0,11091,8729,14148,7161,7640,9304,3993,1681,6401,2010,976,1333,339,86,971,9925,2093,9015,1271,2960,3793,1605,191,2496,328,296,211,285,23,878
Jun-2010,612.5,340.0,500.0,278.2,465.0,395.0,410.0,278.0,510.0,385.0,343.8,257.0,530.0,395.0,516.2,480.0,305.0,450.0,229.8,392.5,355.0,337.5,172.5,417.0,348.5,280.0,235.0,430.0,320.0,413.5,12610,9551,15641,7249,6869,8203,4197,1461,5064,1468,841,1214,310,122,1234,12183,2379,9884,1206,2823,3224,1665,150,1815,196,279,180,296,71,1509
Sep-2010,598.0,340.0,488.3,280.0,460.0,388.0,400.0,275.0,500.0,380.0,340.0,260.0,535.0,421.5,530.0,477.0,300.0,445.0,235.0,383.8,347.5,330.5,200.0,410.0,329.0,287.5,235.0,400.0,307.3,425.0,11334,9204,13632,6607,6930,8490,4128,1513,5131,1561,840,1176,278,159,1042,11407,2169,9544,1164,2618,2951,1615,190,1810,207,276,241,276,64,955
Dec-2010,620.0,340.0,520.0,292.5,460.0,387.5,410.0,277.3,500.0,385.0,345.0,260.0,545.0,435.0,534.5,487.6,305.0,460.0,255.0,385.0,347.5,335.0,185.0,410.0,335.0,288.0,230.0,420.5,350.0,424.9,11704,9206,13141,5922,6385,8115,4009,1410,4959,1585,837,1184,277,139,1324,10797,2162,7410,876,2348,2787,1554,161,1856,193,315,177,221,64,1108
Mar-2011,575.0,345.0,485.0,293.0,450.0,392.8,400.0,270.0,500.0,385.3,338.0,263.9,510.0,430.0,530.0,479.0,299.0,445.0,250.0,379.0,340.0,339.0,210.0,405.0,310.0,291.5,235.0,415.0,335.0,415.0,9917,8195,10767,5715,5874,7438,3719,1437,5661,1670,849,1236,270,123,1001,9188,1847,5680,764,2039,2556,1519,154,1968,200,294,191,191,51,1103
Jun-2011,592.0,342.0,502.5,295.0,442.0,383.0,395.0,275.0,485.0,380.0,330.0,250.0,500.0,400.0,533.0,485.0,297.3,450.0,248.3,382.5,335.0,328.5,176.5,405.0,335.0,294.0,232.5,415.0,315.0,415.0,11165,8791,12686,6235,5954,7524,3667,1329,5145,1695,708,1062,315,130,1187,10384,1986,7118,846,2064,2539,1522,162,1861,217,278,187,241,49,1146
Sep-2011,567.0,335.0,487.0,286.5,433.0,380.0,390.0,260.0,470.0,375.0,335.0,250.0,497.0,397.0,490.0,480.0,290.0,437.5,235.0,370.0,325.8,320.0,190.0,395.0,315.0,272.5,228.5,398.0,360.5,425.0,11397,8934,11960,5617,6615,8598,3566,1317,5454,1661,680,1025,335,123,1201,10565,1928,6375,805,2397,2823,1371,153,1767,193,217,189,208,36,871
Dec-2011,533.0,330.0,495.0,290.5,430.0,380.0,385.0,270.0,480.0,372.5,337.5,250.0,515.0,410.0,500.0,460.0,297.0,432.5,245.3,380.0,327.1,327.3,176.0,400.0,328.3,275.0,240.0,399.5,336.5,415.0,13950,11050,12819,6335,6447,8498,3566,1346,5784,1801,769,959,425,122,1214,13108,2240,6840,834,2619,2964,1276,170,1989,240,177,142,266,49,896
Mar-2012,607.5,345.0,478.0,297.5,430.0,380.0,382.0,270.0,489.5,385.0,343.0,250.0,525.0,395.0,512.5,500.0,298.5,430.0,245.0,376.0,330.0,317.0,180.0,406.0,325.0,268.8,228.0,420.0,310.0,415.0,9593,7811,11757,5919,6811,9341,3681,1415,5995,1973,751,1087,458,134,1099,7821,1878,5399,758,2858,3103,1279,180,2143,203,242,155,323,52,816
Jun-2012,600.0,346.0,485.0,285.0,435.0,375.0,385.0,270.0,499.0,375.0,327.5,247.0,543.5,392.5,482.5,510.0,306.5,430.0,245.0,381.0,330.0,315.0,179.0,400.0,326.8,275.0,222.5,435.0,364.5,416.8,10923,8663,12839,6050,6179,7755,3671,1283,5528,1652,682,1010,388,112,1235,10331,1968,6314,768,2684,2885,1254,165,1968,172,211,134,327,52,854
Sep-2012,585.0,335.0,480.0,290.0,435.0,380.0,386.0,265.0,495.0,380.0,315.0,249.0,540.0,385.5,490.0,487.0,290.0,425.0,235.0,387.5,315.0,325.0,156.0,400.0,322.5,275.0,225.0,410.0,315.0,411.0,11449,9665,12194,5676,7809,9941,3641,1249,6091,1816,674,1055,432,142,1125,9633,2102,6167,702,3008,3320,1306,150,2201,218,260,187,422,55,885
Dec-2012,640.0,360.0,508.0,291.5,440.0,380.0,395.0,250.0,510.0,370.0,331.3,252.3,561.0,428.0,519.0,525.0,308.5,440.0,240.0,385.0,322.3,325.0,170.0,410.0,310.0,294.0,220.0,410.5,300.0,415.5,12333,8885,14223,6231,7515,8806,3874,1345,6471,1515,790,1086,424,167,1243,10716,2064,6785,787,2897,3244,1400,147,2173,225,206,179,352,54,871
Mar-2013,615.0,357.5,486.0,298.0,440.0,390.0,395.0,247.5,520.0,380.5,340.0,250.0,530.0,415.0,505.0,520.0,300.0,435.0,235.0,392.0,327.8,325.0,185.0,430.0,315.0,276.8,227.0,445.0,331.3,410.0,10971,8665,12584,6050,7588,8835,3851,1281,7931,1692,814,1112,449,125,1123,10022,2088,5978,761,2888,3408,1514,164,2537,279,272,191,346,56,760
Jun-2013,650.0,355.0,500.0,282.5,445.0,385.5,395.0,255.0,529.0,380.0,330.0,255.0,540.0,388.0,510.0,530.0,305.0,442.0,245.0,395.0,325.0,330.0,160.8,426.0,310.0,285.0,219.0,450.0,320.0,412.5,13403,9680,15568,6827,8342,9303,4314,1329,7971,1656,817,1145,436,146,1337,11976,2415,7411,763,3296,3481,1533,138,2540,258,285,191,329,62,876
Sep-2013,670.0,350.0,520.0,298.0,449.0,386.3,395.0,253.0,520.0,375.0,325.0,249.5,570.0,389.9,505.0,550.0,315.0,445.0,234.9,395.0,327.0,324.0,180.0,430.0,314.5,266.0,216.5,459.8,305.0,415.0,13981,10071,14532,5958,9131,9830,4194,1359,7945,1659,857,1230,450,157,1290,13263,2496,6987,743,3583,3816,1507,160,2579,256,270,214,358,47,895
Dec-2013,745.0,370.0,561.0,308.0,465.0,395.0,412.0,268.3,552.0,385.0,350.0,250.0,579.0,424.0,503.3,565.0,320.0,467.0,245.0,400.0,331.0,330.0,196.0,450.0,320.0,295.0,220.0,481.0,370.0,420.5,15556,10805,17118,6849,9466,10332,4476,1448,8020,1728,829,1168,441,135,1353,12353,2774,7967,845,3647,4027,1581,167,2592,242,295,167,351,63,808
Mar-2014,680.0,362.0,504.0,290.0,448.0,390.0,407.0,265.0,530.5,379.0,360.0,247.0,595.0,412.5,553.7,591.5,330.0,475.5,250.0,405.0,338.0,326.0,178.5,445.0,325.0,275.0,230.0,496.1,337.0,410.0,13416,10484,12426,5090,9595,9890,4253,1552,8222,1679,935,1307,372,119,982,12721,2564,10203,922,4557,4857,1514,188,3026,261,313,209,329,56,759
Jun-2014,728.0,368.0,528.9,286.0,459.0,390.0,405.0,250.0,525.0,366.0,340.0,236.3,557.5,420.0,550.0,610.0,330.0,479.0,245.0,414.0,345.0,345.0,190.0,452.0,322.0,282.0,226.3,465.0,335.0,410.0,15183,10900,14354,5249,9212,8732,4230,1433,7635,1577,931,1388,452,113,1044,14466,2551,12328,913,4788,4573,1665,153,2908,242,314,230,375,40,931
Sep-2014,730.0,368.6,505.0,280.0,451.0,390.0,410.0,255.0,530.0,370.0,345.0,262.5,570.0,439.0,554.0,620.0,326.0,478.5,245.0,420.0,330.0,342.5,190.0,442.0,325.0,267.5,235.0,485.0,377.5,410.0,14759,11019,14032,5109,9747,9528,4096,1386,7304,1592,786,1171,414,152,960,13328,2403,11956,934,4979,4859,1744,177,2798,277,270,236,397,58,887
Dec-2014,816.0,380.0,552.5,298.0,467.0,405.0,425.0,275.0,531.0,380.0,356.5,253.5,581.0,420.0,570.0,650.0,333.0,490.0,250.0,420.0,340.0,345.0,180.1,445.0,320.0,279.5,235.0,465.0,339.5,422.0,16311,11864,16407,5323,9365,9246,4502,1442,6864,1530,940,1264,352,141,1216,14730,2638,11872,971,4576,4571,1608,136,2459,233,320,214,394,68,1027
Mar-2015,792.5,390.0,525.0,299.0,462.8,410.0,415.5,265.0,536.5,370.0,360.0,255.0,570.0,430.0,585.0,657.0,340.0,480.8,250.0,420.0,350.0,345.0,185.0,440.0,325.0,285.0,220.5,485.0,375.0,420.0,13518,10929,13871,5504,9498,9421,4383,1555,6830,1590,945,1439,306,89,1013,12507,2663,10877,1016,4537,5268,1692,205,2654,230,303,225,316,43,924
Jun-2015,860.0,395.0,561.0,295.0,465.0,410.3,420.0,260.0,537.0,355.0,350.0,252.5,595.0,450.0,580.0,705.0,350.0,515.0,255.0,425.0,350.0,345.0,210.0,434.5,315.0,286.0,232.0,450.0,321.5,425.0,14472,12124,16787,5577,10231,9420,4489,1411,6336,1398,924,1425,291,64,1071,15127,2996,15487,1002,5159,5251,1952,155,2295,198,335,247,287,34,1076
Sep-2015,888.2,410.0,580.0,295.6,475.0,415.0,427.5,260.0,520.0,350.0,340.0,257.5,580.0,455.0,587.5,710.0,360.0,500.0,256.0,425.0,350.8,344.5,190.0,425.0,330.0,296.0,235.0,475.0,305.0,415.0,15306,12705,16128,5548,10729,9968,4381,1286,5539,1336,885,1403,248,93,1048,14807,3107,11607,1003,5201,5402,1698,141,1953,182,298,224,263,29,1081
Dec-2015,915.0,412.0,612.3,310.0,490.0,420.0,436.0,273.5,525.0,350.0,370.0,265.0,575.0,412.5,615.0,723.0,362.0,505.0,265.0,420.0,360.0,345.0,182.0,430.0,295.0,292.0,235.0,460.0,265.0,419.9,13527,12739,16165,5631,9829,8826,4422,1403,5627,1404,960,1430,244,82,1262,11733,2877,11064,982,4358,4908,1733,123,2066,175,311,244,311,53,1154
Mar-2016,850.0,415.0,568.0,311.0,483.5,425.0,436.0,275.0,518.0,360.5,360.0,264.0,570.0,472.5,590.0,706.5,365.0,490.0,270.0,415.0,363.0,345.0,187.0,430.0,327.5,295.8,215.0,469.6,310.0,425.0,10527,10689,11654,5188,9405,8786,4143,1354,5857,1448,925,1423,226,60,883,8920,2485,8187,912,3801,4832,1682,155,1968,196,320,225,205,57,837
Jun-2016,895.0,425.0,610.0,305.0,495.0,425.0,440.0,265.0,520.0,330.0,365.0,253.0,548.0,426.0,623.0,720.0,370.0,505.0,260.8,413.0,365.0,367.0,202.5,410.0,300.0,307.5,220.0,437.5,320.0,435.0,12638,12279,15066,5561,9625,8869,4226,1381,5969,1469,922,1427,247,60,1060,10590,2827,10671,890,3584,4758,2008,155,1982,199,334,227,230,61,1163
Sep-2016,900.0,430.5,605.0,310.0,500.0,435.0,445.0,270.0,510.0,327.8,370.0,255.0,520.0,353.5,615.8,710.0,375.0,496.0,260.0,420.0,370.0,365.0,195.0,425.0,270.0,290.0,235.0,342.5,300.0,428.5,12351,12063,14109,5627,9588,9136,4023,1284,5628,1532,859,1384,261,92,994,10672,2914,9634,1016,3480,4793,1608,119,1896,213,296,235,294,53,1064
Dec-2016,985.5,445.0,675.0,320.8,515.0,439.0,447.0,280.0,525.0,345.0,392.0,274.5,522.0,454.5,636.0,735.0,385.0,501.9,276.0,410.0,375.0,365.0,205.0,410.0,288.0,305.0,240.0,381.1,326.3,430.0,13846,13398,16565,6270,9476,9204,4515,1419,5609,1490,1063,1645,259,82,1239,11420,3107,10814,1128,3088,4520,1639,120,1914,227,362,247,188,48,1319
Mar-2017,930.0,455.0,657.5,328.0,510.0,440.0,451.3,285.0,510.0,350.0,389.5,263.0,530.0,430.1,654.5,730.0,395.0,520.0,272.5,405.0,389.0,365.0,180.0,415.0,311.5,315.0,249.0,375.0,319.0,429.9,11314,11995,13358,6070,9089,9025,4256,1479,6206,1642,1113,1861,245,97,1006,10118,2916,9116,1091,3133,4830,1644,117,2174,272,415,267,189,37,1065
Jun-2017,1050.0,460.0,720.0,332.0,518.0,449.0,450.0,270.0,506.0,327.0,400.0,275.0,500.0,423.5,670.0,770.0,424.0,568.9,262.8,392.5,380.0,383.5,200.0,405.0,270.0,300.0,250.0,375.0,307.5,445.0,12280,11763,15375,5862,8951,8303,4221,1354,5845,1501,982,1690,244,86,1068,11180,2848,12623,1112,2846,4380,1906,126,2010,224,347,263,173,34,1144
Sep-2017,950.0,460.0,692.0,328.0,525.0,445.0,451.0,277.5,500.0,325.0,395.0,273.5,500.0,443.0,667.5,720.0,410.0,540.0,279.0,400.0,385.0,375.0,172.0,405.0,268.0,320.0,235.0,375.0,330.0,434.5,12582,13039,14913,6447,8971,8916,4079,1355,5762,1535,917,1619,252,94,956,11380,2826,10153,1167,2746,4422,1711,169,1988,225,402,239,150,41,948
Dec-2017,1029.0,471.5,750.0,350.0,535.0,450.0,470.0,273.4,515.0,340.0,421.0,285.0,513.8,437.5,690.0,741.0,410.0,568.0,280.0,391.0,385.0,390.0,170.0,410.0,255.0,330.0,250.0,340.0,290.0,445.5,12012,13159,16039,6807,9006,9008,4455,1431,6030,1566,1059,1719,246,105,1279,9741,2844,10399,1280,2607,4385,2032,163,2071,241,342,310,168,41,980
Mar-2018,955.0,480.0,731.0,355.0,526.0,449.0,465.0,280.0,510.0,338.0,449.0,295.0,500.0,445.0,698.5,742.0,415.0,565.0,295.0,385.0,390.0,370.0,202.5,400.0,255.0,338.5,249.0,328.0,341.5,436.0,9935,11247,12344,6751,8475,8770,4097,1519,6005,1631,989,1831,245,81,950,8076,2539,8689,1290,2604,4356,1623,167,2113,252,362,332,143,38,878
Jun-2018,973.1,480.0,750.0,355.0,532.0,435.0,468.0,276.0,510.0,310.0,457.8,300.0,506.0,453.5,690.0,730.0,415.0,600.0,305.0,385.0,390.3,380.0,186.0,408.0,233.1,356.0,255.0,338.0,345.0,431.5,10879,11838,13531,6731,8497,8554,4149,1421,5676,1488,935,1796,236,81,1057,9466,2569,11413,1374,2760,4250,1786,145,1913,240,375,333,140,41,1091
Sep-2018,950.0,475.0,720.0,355.0,540.0,440.0,466.3,280.0,485.0,321.5,440.3,293.0,500.0,417.0,700.0,730.0,429.0,568.0,289.8,385.0,385.0,380.0,190.0,395.0,240.0,358.0,265.0,335.0,357.0,445.0,9720,10770,12138,6219,8337,8651,4014,1322,5875,1564,896,1581,257,89,881,7933,2293,9080,1220,2648,4201,1701,160,1965,294,359,302,155,46,942
Dec-2018,940.0,464.8,735.0,370.0,540.0,433.0,480.0,295.0,489.0,320.0,465.0,310.0,510.0,452.5,720.0,725.0,412.0,565.0,295.0,390.0,390.0,371.0,190.0,392.0,265.0,375.0,259.5,340.0,360.0,447.9,9621,11238,12270,6208,7867,8201,4282,1378,5752,1634,907,1593,249,78,1026,7301,2351,8497,1207,2455,3749,1701,159,1797,270,366,264,125,41,1043
Mar-2019,870.0,462.0,685.0,370.0,533.0,434.0,475.0,285.0,490.0,330.0,471.5,310.0,485.0,419.5,690.0,695.0,410.0,555.0,292.3,387.8,388.0,400.0,185.0,387.5,256.5,390.0,280.0,292.5,362.0,450.0,8565,9599,10284,5534,7380,7739,3793,1410,5717,1579,903,1607,221,80,777,6344,2003,7512,1076,2346,3758,1861,149,1849,230,341,289,120,46,739
Jun-2019,897.0,470.0,700.0,370.0,538.0,440.0,478.5,276.5,480.0,320.0,490.0,310.0,470.0,422.5,715.0,700.0,422.0,560.0,290.0,390.0,385.0,390.0,192.0,379.0,230.0,382.5,267.0,306.5,351.0,450.0,10397,10152,12317,5447,7514,7731,3944,1310,5676,1416,836,1435,223,78,979,8489,2235,9095,1132,2265,3849,1843,127,1738,227,348,284,170,34,855
Sep-2019,900.0,475.0,705.0,375.0,540.0,441.0,474.0,287.5,478.0,310.0,480.0,320.0,489.0,410.0,676.0,710.0,426.0,570.0,305.0,397.5,393.0,380.0,185.0,380.0,240.0,385.0,270.0,285.0,357.5,456.9,12196,11377,12832,5898,8520,9405,4016,1374,6013,1742,872,1499,230,71,1207,10383,2658,9594,1221,2755,4331,1751,169,1974,297,333,314,157,52,1095
Dec-2019,985.0,500.0,760.0,390.0,550.0,448.0,485.0,290.0,495.0,337.8,517.0,340.0,470.0,434.5,745.0,736.0,440.0,600.0,340.0,399.0,395.0,385.0,190.0,380.0,246.5,400.0,295.0,320.0,300.0,473.3,13545,12304,15628,6858,8429,9111,4215,1578,6229,1734,877,1616,239,76,1321,10963,2884,11399,1447,2796,4481,1807,160,2076,264,330,279,155,36,1242
Mar-2020,947.5,490.0,730.0,390.0,540.0,430.0,472.0,290.0,477.5,337.0,529.0,335.5,470.0,420.0,720.5,730.0,450.0,593.0,340.0,390.0,400.0,390.0,197.0,380.0,233.3,425.0,298.0,299.0,328.5,460.0,10009,10137,11249,5978,7605,8427,3625,1368,5782,1639,781,1706,221,65,1035,8960,2565,8764,1383,2830,4081,1671,168,2027,281,312,261,129,35,1015
Jun-2020,955.0,490.0,720.0,395.0,547.0,430.0,487.5,280.0,475.0,327.0,520.0,340.0,465.0,434.5,720.0,730.0,471.0,600.0,371.7,386.5,404.0,421.3,170.0,350.0,210.0,394.5,293.5,272.0,365.0,460.0,9532,9623,9335,4728,6917,7961,3354,1250,5297,1692,647,1095,209,68,1008,7010,2029,7441,1046,2100,3065,1645,143,1745,215,248,192,142,31,1009
Sep-2020,945.0,510.0,710.0,410.0,555.0,449.0,500.0,285.0,495.0,365.0,528.5,350.0,500.0,440.0,755.0,730.0,475.0,595.0,360.0,400.0,412.5,411.8,201.0,385.0,247.0,420.0,305.0,285.0,290.0,488.0,14050,15136,7227,6624,10023,12540,4291,1874,7847,2597,756,1715,262,121,1424,10394,3498,5485,1511,3162,5192,1984,204,2466,319,347,341,117,27,1468
Dec-2020,999.0,541.0,760.0,439.0,575.0,460.0,512.5,307.5,528.0,375.0,567.7,380.0,522.5,417.5,785.0,743.0,480.0,620.0,351.0,415.0,430.0,415.0,217.5,400.0,270.0,441.0,321.0,292.5,348.5,498.0,16275,16545,15775,7988,10940,13594,4421,2035,8873,2868,787,1693,306,118,1636,12117,3991,12583,1484,3812,6244,1911,246,3136,368,365,327,129,32,1777
Mar-2021,1052.0,560.0,800.0,455.0,600.0,465.0,523.0,300.0,535.0,392.5,610.0,400.0,535.0,462.0,835.0,750.0,510.0,630.0,360.0,420.0,440.0,420.0,220.0,414.0,265.0,471.1,330.0,340.0,324.5,505.0,15288,15289,16363,7785,11441,14411,4451,2154,9064,3029,868,1825,335,122,1237,13030,3862,13276,1513,4711,7539,2415,273,3401,463,364,351,133,26,1324
Jun-2021,1206.4,590.0,830.0,478.5,630.0,480.0,550.0,310.0,540.0,379.0,630.0,420.0,565.0,460.0,905.0,785.0,529.0,648.2,360.0,421.3,460.0,415.0,215.0,420.0,297.0,502.5,360.0,375.0,300.0,542.0,17458,15587,17680,7789,11805,13773,4847,2067,8731,2718,758,1570,402,127,1330,15268,3811,15762,1526,5136,7169,2560,290,3154,408,302,274,226,41,1504
Sep-2021,1300.0,625.0,840.0,500.0,657.0,480.0,580.0,309.0,525.0,365.0,700.0,445.0,580.0,460.0,940.0,800.0,550.0,650.8,380.0,430.0,480.0,425.0,217.8,415.0,299.5,540.0,360.0,360.0,290.0,530.0,15132,16242,12800,6355,13126,16084,4787,2150,7254,2381,790,1607,424,147,1126,13104,3794,11300,1261,6163,8092,2435,284,3279,496,319,289,241,37,1334
Dec-2021,1360.0,685.0,940.0,553.0,750.0,500.0,630.0,335.0,558.8,380.0,754.0,500.9,600.0,480.0,1040.0,806.0,590.0,655.0,425.0,450.0,501.0,450.0,210.0,412.8,295.0,570.0,410.0,382.0,300.0,590.0,17181,16838,20363,7892,12911,15506,5386,2402,7779,2509,767,1696,443,144,1477,15001,3850,15119,1544,6074,7456,2642,294,3254,505,361,292,197,42,1565
Mar-2022,1325.0,702.0,888.0,580.0,765.0,519.0,650.0,335.0,550.0,380.0,765.0,530.5,600.0,460.0,1080.0,780.0,610.0,640.0,419.5,459.0,517.0,454.9,205.0,410.0,320.0,586.3,410.0,402.0,315.0,575.0,12080,12535,14294,6493,10381,14272,4484,2250,7729,2468,814,1590,419,132,827,11561,3023,11607,1193,5695,6965,2359,338,3521,569,310,264,247,30,944
Jun-2022,1350.0,700.0,900.0,573.1,773.0,528.0,663.0,350.0,565.0,375.0,765.0,525.0,585.0,487.0,1059.0,775.0,600.0,640.0,425.0,470.0,540.0,465.0,211.0,405.0,324.5,575.0,420.0,400.0,320.0,600.0,11840,12387,14801,6074,9553,12547,4727,2090,6902,2233,761,1374,395,115,1094,11150,2705,12340,1103,5154,6009,2253,298,3158,466,300,242,221,39,1189
Sep-2022,1300.0,690.0,850.0,560.0,750.0,528.0,654.0,345.0,555.0,380.0,720.0,510.0,560.0,459.5,1000.0,750.0,595.0,618.0,420.0,470.0,530.0,485.0,225.0,400.0,300.0,565.0,422.5,360.0,306.5,596.0,11204,11168,12427,5491,9127,12461,4313,1751,7060,2200,628,1238,354,100,1058,10432,2608,10155,1031,4934,5887,1959,245,3003,487,261,260,218,20,1143
Dec-2022,1300.0,700.0,875.0,570.0,750.0,530.0,675.0,363.3,580.0,390.0,731.5,535.0,590.0,497.0,1000.0,765.0,600.0,615.0,415.0,480.0,535.0,480.0,220.0,400.0,313.5,565.0,415.0,382.5,320.0,600.0,10941,10689,12390,5286,8223,11347,4046,1798,6833,2036,714,1177,317,78,1189,9711,2398,9938,964,4391,5042,1952,232,3053,428,310,254,196,29,1008
Mar-2023,1250.1,700.0,835.0,570.0,757.0,540.0,680.0,381.8,578.0,400.0,705.0,520.0,575.0,505.4,984.0,765.0,601.8,605.0,422.5,483.0,550.0,489.5,245.0,402.6,320.0,560.0,420.0,370.0,305.0,610.0,9819,9609,10804,4942,8221,10976,3777,1703,7047,2026,736,1265,254,78,920,9928,2198,9772,915,4695,5287,1945,261,3480,467,277,254,166,20,865
Jun-2023,1355.0,710.0,842.0,570.0,775.0,560.0,702.3,395.0,600.0,400.0,696.5,540.0,590.0,478.0,983.0,800.0,608.0,618.0,425.0,500.0,561.6,525.0,257.0,410.0,323.0,557.0,460.0,387.5,340.0,600.0,12101,10772,12644,4991,8802,11139,4126,1692,6764,1993,682,1219,292,78,1006,12611,2466,10843,919,4738,5386,1898,243,3537,460,350,263,197,15,1009
Sep-2023,1370.0,719.0,840.0,570.0,800.0,570.0,715.0,410.0,620.0,415.0,695.2,526.3,585.0,463.5,987.5,795.0,625.0,620.0,416.0,525.0,580.0,520.0,287.0,420.0,320.5,550.0,435.0,376.0,260.0,619.9,12985,11057,12795,4964,9485,11988,4095,1683,6749,2115,686,1122,338,94,952,13516,2606,11292,944,5468,5966,1979,219,3592,474,289,245,195,25,947
Dec-2023,1420.0,720.0,868.0,580.0,830.0,580.0,750.3,430.0,675.0,445.0,710.5,525.5,589.0,466.3,1000.0,800.0,626.5,630.0,435.0,547.0,590.0,565.0,268.0,445.0,339.5,540.0,435.5,375.0,277.5,625.0,12582,11866,14055,5332,9412,11715,4460,1801,7137,2235,732,1234,287,72,1011,12643,2814,12414,937,5029,5497,2035,253,3823,480,277,255,191,18,908
Mar-2024,1401.0,747.0,845.0,575.0,850.0,605.0,765.9,455.0,705.0,450.0,705.0,538.3,570.0,425.0,985.0,790.0,625.0,615.0,425.5,580.0,625.0,570.0,269.5,475.0,362.0,550.8,450.0,390.0,350.0,597.0,11677,10871,13192,5465,9060,11687,4080,1809,6755,2190,759,1404,299,71,907,12519,2785,11651,1053,5123,5699,1954,270,3893,525,294,276,174,27,958
Jun-2024,1455.0,749.0,845.1,570.0,890.0,630.0,786.0,450.0,760.0,472.5,695.3,539.0,582.5,438.8,990.0,800.0,640.0,620.0,420.0,610.0,640.0,630.0,265.0,510.0,380.0,555.0,445.0,356.0,323.0,628.0,13477,12224,15052,5948,9588,11942,4501,1728,6747,2140,754,1331,322,76,1058,14200,2818,13246,1025,5061,5515,2127,250,3671,574,291,286,213,38,1039
Sep-2024,1415.0,743.5,825.0,556.5,890.0,648.0,818.3,465.0,780.0,490.0,700.0,515.0,560.0,420.0,995.5,815.0,640.0,605.0,420.0,630.0,657.5,610.0,248.0,545.0,375.0,525.0,455.0,350.0,280.0,595.6,13626,12308,14487,5746,10361,13195,4674,1876,7026,2354,793,1307,443,85,1039,14288,3168,12817,1187,5837,6360,2290,304,3881,523,305,298,253,27,1068
Dec-2024,1460.0,760.0,852.5,560.0,935.0,675.0,850.0,500.0,820.0,510.0,710.0,550.0,560.0,475.0,1000.0,825.0,650.0,610.0,412.0,655.0,665.9,640.0,325.0,560.0,395.5,545.0,465.0,343.5,261.5,610.0,13626,13161,16713,6786,9620,12455,4626,1767,7152,2274,816,1373,546,117,1249,12752,3133,13226,1249,5047,5969,2202,287,3746,530,321,324,264,31,1150
Mar-2025,1450.0,760.0,840.0,572.0,945.0,709.0,855.0,485.0,820.0,540.0,704.0,550.0,600.0,435.0,975.0,817.0,649.0,600.0,426.0,685.0,700.0,640.0,297.0,580.0,415.0,550.0,435.0,360.0,263.0,600.0,11505,12088,13933,6727,8345,11429,4341,1756,6821,2108,837,1471,473,90,1043,11433,3091,11545,1280,4633,5645,2011,239,3508,453,335,265,245,31,1084
Jun-2025,1460.0,760.0,820.0,570.0,960.0,710.0,865.0,505.0,840.0,549.0,696.0,540.0,620.0,440.0,1000.0,825.0,660.0,602.0,430.0,705.0,710.0,654.0,329.0,600.0,405.0,545.0,460.0,390.0,297.5,595.0,12194,12294,13990,6094,8521,10251,4521,1628,6672,1929,567,904,553,103,1037,12534,2977,11923,1130,4576,5253,2095,206,2980,388,225,195,333,30,1133